{
	"id": "jean-homebrew",
	"title": "Jean's Homebrew",
	"description": "Jean's allowed homebrew",
	"authors": "Jean",
	"version": "1.0.0",
	"compatibility": {
		"minimum": "10.274",
		"verified": "10.291",
		"maximum": "10"
	},
	"packs": [{
			"name": "vessel",
			"label": "Vessel",
			"system": ["dnd5e"],
			"path": "packs/vessel.db",
			"entity": "Item",
			"module": "jean-homebrew"
		},
		{
			"name": "spells",
			"label": "Spells",
			"system": ["dnd5e"],
			"path": "packs/spells.db",
			"entity": "Item",
			"module": "jean-homebrew"
		}
	],
	"url": "https://github.com/JeanPaulSR/jean-homebrew",
	"manifest": "https://raw.githubusercontent.com/JeanPaulSR/jean-homebrew/main/module.json"
	"download": "https://github.com/JeanPaulSR/jean-homebrew/archive/refs/heads/main.zip"

}
  
